Workbook

Sheet HI_Golf_Courses_with_Addresses
A1: course_id | B1: name | C1: address | D1: city | E1: final_acreage | F1: estimated_land_value | G1: latitude | H1: longitude
A2: 3742 | B2: The Turtle Bay Resort & Golf Club | C2: 57-049 Kuilima Dr | D2: Kahuku | E2: 498.16403 | F2: 4.9542413e+08 | G2: =VLOOKUP(A2, 'HI Golf Courses'!$A:$E, 4, FALSE) -> 21.70341 | H2: =VLOOKUP(A2, 'HI Golf Courses'!$A:$E, 5, FALSE) -> -157.9977
A3: 3729 | B3: Hawaii Prince Golf Club | C3: 91-1200 Fort Weaver Rd | D3: Ewa Beach | E3: 271.27667 | F3: 2.6978465e+08 | G3: =VLOOKUP(A3, 'HI Golf Courses'!$A:$E, 4, FALSE) -> 21.33074 | H3: =VLOOKUP(A3, 'HI Golf Courses'!$A:$E, 5, FALSE) -> -158.0213
A4: 3761 | B4: Koolau Golf Club | C4: 45-550 Kionaole Rd | D4: Kaneohe | E4: 235.63368 | F4: 2.343377e+08 | G4: =VLOOKUP(A4, 'HI Golf Courses'!$A:$E, 4, FALSE) -> 21.37824 | H4: =VLOOKUP(A4, 'HI Golf Courses'!$A:$E, 5, FALSE) -> -157.7917
A5: 3725 | B5: Ewa Villages Golf Course | C5: 91-1760 Park Row | D5: Ewa Beach | E5: 232.39202 | F5: 2.3111387e+08 | G5: =VLOOKUP(A5, 'HI Golf Courses'!$A:$E, 4, FALSE) -> 21.343 | H5: =VLOOKUP(A5, 'HI Golf Courses'!$A:$E, 5, FALSE) -> -158.0399
A6: 3724 | B6: Pearl Country Club | C6: 98-535 Kaonohi St | D6: Aiea | E6: 224.73942 | F6: 2.2350335e+08 | G6: =VLOOKUP(A6, 'HI Golf Courses'!$A:$E, 4, FALSE) -> 21.39331 | H6: =VLOOKUP(A6, 'HI Golf Courses'!$A:$E, 5, FALSE) -> -157.9361
A7: 3771 | B7: Kaanapali Golf Courses | C7: 2290 Kaanapali Pkwy | D7: Lahaina | E7: 437.00432 | F7: 2.1885176e+08 | G7: =VLOOKUP(A7, 'HI Golf Courses'!$A:$E, 4, FALSE) -> 20.91757 | H7: =VLOOKUP(A7, 'HI Golf Courses'!$A:$E, 5, FALSE) -> -156.6909
A8: 3758 | B8: Kaneohe Klipper Marine Golf Course | C8: Kaneohe Marine Corps Air Stn. | D8: Kaneohe Bay | E8: 195.64321 | F8: 1.9456717e+08 | G8: =VLOOKUP(A8, 'HI Golf Courses'!$A:$E, 4, FALSE) -> 21.44604 | H8: =VLOOKUP(A8, 'HI Golf Courses'!$A:$E, 5, FALSE) -> -157.7616
A9: 3728 | B9: Coral Creek Golf Course | C9: 91-1111 Geiger Rd | D9: Ewa Beach | E9: 195.55774 | F9: 1.9448217e+08 | G9: =VLOOKUP(A9, 'HI Golf Courses'!$A:$E, 4, FALSE) -> 21.3302 | H9: =VLOOKUP(A9, 'HI Golf Courses'!$A:$E, 5, FALSE) -> -158.032
A10: 3762 | B10: Kapolei Golf Course | C10: 91-701 Farrington Hwy | D10: Kapolei | E10: 190.99462 | F10: 1.8994415e+08 | G10: =VLOOKUP(A10, 'HI Golf Courses'!$A:$E, 4, FALSE) -> 21.34907 | H10: =VLOOKUP(A10, 'HI Golf Courses'!$A:$E, 5, FALSE) -> -158.065
A11: 3730 | B11: Ewa Beach Golf Club | C11: 91-050 Fort Weaver Rd | D11: Ewa Beach | E11: 190.90304 | F11: 1.8985308e+08 | G11: =VLOOKUP(A11, 'HI Golf Courses'!$A:$E, 4, FALSE) -> 21.31518 | H11: =VLOOKUP(A11, 'HI Golf Courses'!$A:$E, 5, FALSE) -> -157.9924
A12: 3763 | B12: Ko Olina Golf Club | C12: 92-1220 Aliinui Dr | D12: Kapolei | E12: 187.7678 | F12: 1.8673508e+08 | G12: =VLOOKUP(A12, 'HI Golf Courses'!$A:$E, 4, FALSE) -> 21.33872 | H12: =VLOOKUP(A12, 'HI Golf Courses'!$A:$E, 5, FALSE) -> -158.121
A13: 3751 | B13: Luana Hills Country Club | C13: 770 Auloa Rd | D13: Kailua | E13: 168.19745 | F13: 1.6727236e+08 | G13: =VLOOKUP(A13, 'HI Golf Courses'!$A:$E, 4, FALSE) -> 21.37606 | H13: =VLOOKUP(A13, 'HI Golf Courses'!$A:$E, 5, FALSE) -> -157.7635
... A74: 3755 | B74: Mauna Kea Resort | C74: 62-100 Mauna Kea Beach Dr | D74: Kamuela | E74: 52.005695 | F74: 634157.45 | G74: =VLOOKUP(A74, 'HI Golf Courses'!$A:$E, 4, FALSE) -> 20.00787 | H74: =VLOOKUP(A74, 'HI Golf Courses'!$A:$E, 5, FALSE) -> -155.8251

Sheet HI Golf Courses
A1: course_id | B1: holes | C1: final_acreage | D1: latitude | E1: longitude | F1: estimated_land_value | G1: tmk
A2: 3742 | B2: 36 | C2: 498.164 | D2: 21.70341 | E2: -157.9977 | F2: 4.9542413e+08
A3: 3782 | B3: 18 | C3: 301.695 | D3: 21.34999 | E3: -157.9428 | F3: 3.0003536e+08
A4: 3727 | B4: 18 | C4: 272.848 | D4: 21.31571 | E4: -157.9925 | F4: 2.7134739e+08
A5: 3729 | B5: 54 | C5: 271.277 | D5: 21.33074 | E5: -158.0213 | F5: 2.6978465e+08
A6: 3761 | B6: 18 | C6: 235.634 | D6: 21.37824 | E6: -157.7917 | F6: 2.343377e+08
A7: 3725 | B7: 18 | C7: 232.392 | D7: 21.343 | E7: -158.0399 | F7: 2.3111387e+08
A8: 3724 | B8: 18 | C8: 224.739 | D8: 21.39331 | E8: -157.9361 | F8: 2.2350335e+08
A9: 3731 | B9: 18 | C9: 223.674 | D9: 21.33466 | E9: -157.952 | F9: 2.2244361e+08
A10: 3771 | B10: 36 | C10: 437.004 | D10: 20.91757 | E10: -156.6909 | F10: 2.1885176e+08
A11: 3730 | B11: 18 | C11: 197.334 | D11: 21.31518 | E11: -157.9924 | F11: 1.9624842e+08
A12: 3728 | B12: 18 | C12: 195.558 | D12: 21.3302 | E12: -158.032 | F12: 1.9448217e+08
A13: 3788 | B13: 18 | C13: 192.631 | D13: 21.48864 | E13: -158.0395 | F13: 1.9157167e+08
... A74: 3784 | B74: 72 | C74: 143.916 | D74: 22.22012 | E74: -159.4829 | F74: 1520077.5
